IDFORNECEDOR;NOME
1;EDITORA LELIVROS
2;EDITORA MUNDO FANTASIA
3;EDITORA AMAZONIA
4;STUDIOS HB
5;STUDIOS HOLLYWOOD
6;STUDIOS CALIFORNIA
7;EM SPORTS
8;BILLZAR GAMES
9;BRAZUCA JOGOS
10;JOGAR GAMES
11;MOTOROLA
12;NOKIA
13;SAMSUNG
14;LG
15;DREAMC
16;GFORCE
17;APPLE
18;SONY
19;WALLITA
20;ARNO
21;MULTILASER
22;MICROSOFT
23;ACER
24;VISION
25;PHILIPS
26;SANDISK
27;BRASTEMP
28;GANCA
29;BRITANIA
30;MOVEIS VAREJ?O
31;BRASIL MADEIRAS
32;LINHAS A?REAS BRAZUCA
33;LINHAS BRASIL EXPRESS
34;LINHAS LATINAS DE AVI?ES
35;LINHAS INTERNACIONAIS EURO
36;AMERICA LINES EXPRESS
37;LENOVO
38;CCE
39;PANASONIC
40;GENIUS
41;HP
